Property,Score
Column Shapes,0.8361850225726309
Column Pair Trends,0.809365344268608
